"","Id","Label","timeset","componentnumber","pageranks","Degree","Weighted.Degree","Eccentricity","closnesscentrality","harmonicclosnesscentrality","betweenesscentrality","eigencentrality","DegRank","CloseRank","BetweenRank","WeightedDegRank"
"1","tt0014140","How Troy Was Collared",NA,0,0.000675,0,0,0,0,0,0,0,246.5,246.5,219.5,246.5
"2","tt0014304","Napoleon Not So Great",NA,1,0.000675,0,0,0,0,0,0,0,246.5,246.5,219.5,246.5
"3","tt0015830","Foam Sweet Foam",NA,2,0.000675,0,0,0,0,0,0,0,246.5,246.5,219.5,246.5
"4","tt0021025","King of Jazz",NA,3,0.000675,0,0,0,0,0,0,0,246.5,246.5,219.5,246.5
"5","tt0023353","The Pride of the Legion",NA,4,0.000675,0,0,0,0,0,0,0,246.5,246.5,219.5,246.5
"6","tt0035905","Frontier Fury",NA,5,0.000675,0,0,0,0,0,0,0,246.5,246.5,219.5,246.5
"7","tt0036497","Victory Through Air Power",NA,6,0.005479,12,46,8,0.26971,0.323864,98.92814,0.659763,32.5,100,116.5,24.5
"8","tt0036842","Frontier Outlaws",NA,7,0.000675,0,0,0,0,0,0,0,246.5,246.5,219.5,246.5
"9","tt0038166","The Three Caballeros",NA,6,0.005811,13,40,7,0.295903,0.350733,227.745752,0.72795,23,54,83,31.5
"10","tt0038606","Holiday in Mexico",NA,6,0.003223,3,6,8,0.25,0.278736,194,0.03851,148,153.5,92,164
"11","tt0038718","Make Mine Music",NA,6,0.005798,13,54,8,0.26,0.317283,30.828355,0.708711,23,134.5,146,19
"12","tt0038969","Song of the South",NA,6,0.006148,13,32,7,0.299539,0.358083,249.672868,0.708588,23,48,76,41.5
"13","tt0039404","Fun & Fancy Free",NA,6,0.002636,5,12,8,0.240741,0.276306,0.3,0.284457,108,160,158,113.5
"14","tt0040580","Melody Time",NA,6,0.005755,13,72,8,0.263514,0.321899,28.48312,0.740334,23,124,147,2
"15","tt0040910","Two Guys from Texas",NA,8,0.0045,2,4,1,1,1,0,0.003274,172,8.5,219.5,181.5
"16","tt0041094","The Adventures of Ichabod and Mr. Toad",NA,6,0.005479,12,46,8,0.26971,0.323864,98.92814,0.659763,32.5,100,116.5,24.5
"17","tt0041671","My Dream Is Yours",NA,8,0.0045,2,4,1,1,1,0,0.003274,172,8.5,219.5,181.5
"18","tt0041890","So Dear to My Heart",NA,6,0.004894,10,28,8,0.26387,0.313559,98.435665,0.529911,49.5,122.5,118,51
"19","tt0042189","Alice in Wonderland",NA,6,0.001834,2,4,8,0.232697,0.260165,0,0.07597,172,173,219.5,181.5
"20","tt0042332","Cinderella",NA,6,0.006265,14,70,8,0.26603,0.327833,84.506839,0.762646,14,116.5,124,3
"21","tt0043274","Alice in Wonderland",NA,6,0.007705,16,64,7,0.29908,0.361074,419.333168,0.804447,3,49.5,42,6.5
"22","tt0045670","Dangerous When Wet",NA,8,0.0045,2,4,1,1,1,0,0.003274,172,8.5,219.5,181.5
"23","tt0046183","Peter Pan",NA,6,0.006646,15,74,8,0.273876,0.340446,230.383837,0.795216,7.5,89,82,1
"24","tt0047834","Animal Farm",NA,6,0.00141,1,2,9,0.211957,0.229227,0,0.007983,198.5,193,219.5,202
"25","tt0048280","Lady and the Tramp",NA,6,0.005784,13,60,8,0.275035,0.333645,60.961581,0.761048,23,85.5,131,10
"26","tt0049367","Invitation to the Dance",NA,6,0.001588,1,2,9,0.200205,0.215094,0,0.004749,198.5,198,219.5,202
"27","tt0052527","1001 Arabian Nights",NA,6,0.004987,10,22,7,0.27121,0.322833,307.380624,0.424252,49.5,97,66,68
"28","tt0053285","Sleeping Beauty",NA,6,0.005847,13,52,8,0.264946,0.323987,71.166138,0.723382,23,120,126,21
"29","tt0055254","101 Dalmatians",NA,6,0.00799,18,56,7,0.310016,0.375348,538.715608,1,1,38.5,34,15.5
"30","tt0056060","Heaven and Earth Magic",NA,6,0.002937,2,4,8,0.178245,0.195311,0,0.00526,172,208.5,219.5,181.5
"31","tt0056294","Number 13",NA,6,0.004767,4,8,7,0.216426,0.244579,386,0.016055,126,187,47,146
"32","tt0056700","The Wonderful World of the Brothers Grimm",NA,6,0.002596,1,2,10,0.141407,0.150836,0,0.001643,198.5,212,219.5,202
"33","tt0057093","Gay Purr-ee",NA,6,0.007517,12,26,7,0.304212,0.360818,1462.221942,0.377887,32.5,42,3,54.5
"34","tt0057546","The Sword in the Stone",NA,6,0.004456,9,28,7,0.298165,0.343211,81.580506,0.528315,60,51.5,125,51
"35","tt0058230","The Incredible Mr. Limpet",NA,6,0.003071,5,10,8,0.247462,0.284719,13.995473,0.146159,108,155,151,127.5
"36","tt0059422","The Man from Button Willow",NA,6,0.00429,7,18,7,0.260695,0.30746,343.828181,0.17152,80.5,129.5,56,84
"37","tt0060283","The Daydreamer",NA,6,0.004525,7,24,6,0.289747,0.331453,329.568481,0.116821,80.5,59,59,59.5
"38","tt0060661","The Man Called Flintstone",NA,6,0.007839,14,42,7,0.288035,0.344579,467.733657,0.347989,14,63.5,38,28
"39","tt0061852","The Jungle Book",NA,6,0.007721,15,60,6,0.35649,0.414786,1098.93731,0.704653,7.5,18,11,10
"40","tt0061931","Mad Monster Party?",NA,6,0.004013,6,20,7,0.265668,0.302283,110.744489,0.075623,94,118.5,113,77.5
"41","tt0062466","The Wacky World of Mother Goose",NA,6,0.004257,7,22,7,0.26603,0.310317,131.710646,0.177629,80.5,116.5,111,68
"42","tt0063823","Yellow Submarine",NA,9,0.000675,0,0,0,0,0,0,0,246.5,246.5,219.5,246.5
"43","tt0064107","A Boy Named Charlie Brown",NA,6,0.00272,3,22,9,0.194417,0.217792,0,0.023345,148,201.5,219.5,68
"44","tt0064806","The Phantom Tollbooth",NA,6,0.006259,12,36,8,0.275035,0.337833,342.396164,0.401638,32.5,85.5,57,36
"45","tt0065421","The Aristocats",NA,6,0.008095,16,62,6,0.362454,0.424615,1748.101012,0.75282,3,17,1,8
"46","tt0066328","Santa and the Three Bears",NA,6,0.001926,2,4,8,0.225434,0.251435,15.362894,0.038263,172,179,150,181.5
"47","tt0066817","Bedknobs and Broomsticks",NA,6,0.005637,9,18,7,0.316045,0.36569,874.256612,0.311407,60,34,16,84
"48","tt0067179","The World of Hans Christian Andersen",NA,10,0.000675,0,0,0,0,0,0,0,246.5,246.5,219.5,246.5
"49","tt0067280","Journey Back to Oz",NA,6,0.006169,7,18,7,0.258964,0.300134,747.737614,0.059476,80.5,137,21,84
"50","tt0067749","Shinbone Alley",NA,6,0.004618,8,18,6,0.285924,0.33188,522.217817,0.214906,68.5,66.5,35,84
"51","tt0068612","Fritz the Cat",NA,6,0.006599,11,34,7,0.271967,0.320904,315.45067,0.195519,39.5,93,62.5,38
"52","tt0069289","Snoopy Come Home",NA,6,0.00272,3,22,9,0.194417,0.217792,0,0.023345,148,201.5,219.5,68
"53","tt0070016","Charlotte's Web",NA,6,0.006354,10,30,8,0.310016,0.358687,1405.721766,0.17518,49.5,38.5,4,47
"54","tt0070165","Heavy Traffic",NA,6,0.006599,11,30,7,0.271967,0.320904,315.45067,0.195519,39.5,93,62.5,47
"55","tt0070608","Robin Hood",NA,6,0.007573,14,56,6,0.345745,0.403761,759.145632,0.615611,14,21,20,15.5
"56","tt0071361","Coonskin",NA,6,0.005759,10,24,7,0.300462,0.348767,581.96705,0.236175,49.5,46.5,29,59.5
"57","tt0071913","The Nine Lives of Fritz the Cat",NA,6,0.004098,6,16,8,0.26387,0.305696,353.408564,0.095613,94,122.5,54,94
"58","tt0072882","Dirty Duck",NA,6,0.003186,4,8,7,0.273109,0.303553,146.541843,0.047598,126,90,107,146
"59","tt0074657","Hugo the Hippo",NA,6,0.001631,2,4,9,0.253906,0.283012,57.854354,0.060995,172,148,132,181.5
"60","tt0074705","Jack and the Beanstalk",NA,11,0.000675,0,0,0,0,0,0,0,246.5,246.5,219.5,246.5
"61","tt0076363","The Many Adventures of Winnie the Pooh",NA,6,0.008556,16,56,7,0.342707,0.406203,1279.847492,0.686513,3,22,6,15.5
"62","tt0076416","The Mouse and His Child",NA,6,0.006386,9,20,6,0.313505,0.358205,709.923201,0.152391,60,37,24,77.5
"63","tt0076538","Pete's Dragon",NA,6,0.002663,3,6,7,0.257256,0.284762,0,0.056756,148,143,219.5,164
"64","tt0076591","Race for Your Life, Charlie Brown",NA,6,0.005247,7,32,8,0.240444,0.280788,256.714002,0.076946,80.5,161.5,73.5,41.5
"65","tt0076593","Raggedy Ann & Andy: A Musical Adventure",NA,6,0.001462,1,2,9,0.213816,0.229459,0,0.007453,198.5,188,219.5,202
"66","tt0076618","The Rescuers",NA,6,0.005385,10,42,6,0.347594,0.393675,540.716705,0.484683,49.5,19,33,28
"67","tt0076929","Wizards",NA,6,0.00728,12,36,7,0.288035,0.337399,351.406032,0.200596,32.5,63.5,55,36
"68","tt0077869","The Lord of the Rings",NA,6,0.0068,11,22,7,0.271967,0.321245,320.100374,0.188571,39.5,93,61,68
"69","tt0078480","Watership Down",NA,6,0.001911,2,8,8,0.223624,0.247991,0,0.02718,172,181,219.5,146
"70","tt0078495","Metamorphoses",NA,6,0.001738,2,6,7,0.268226,0.295775,0,0.068078,172,107,219.5,164
"71","tt0078780","Animalympics",NA,6,0.004662,6,12,8,0.257937,0.303242,132.952309,0.060788,94,140.5,109,113.5
"72","tt0078915","The Bugs Bunny/Road-Runner Movie",NA,6,0.005468,10,42,8,0.267857,0.319884,61.845024,0.303625,49.5,109.5,130,28
"73","tt0080461","Bon Voyage, Charlie Brown (and Don't Come Back!!)",NA,6,0.005247,7,32,8,0.240444,0.280788,256.714002,0.076946,80.5,161.5,73.5,41.5
"74","tt0082009","American Pop",NA,6,0.00475,8,16,7,0.260347,0.300647,0,0.168266,68.5,132.5,219.5,94
"75","tt0082406","The Fox and the Hound",NA,6,0.008449,14,32,7,0.329392,0.387143,878.931314,0.446148,14,25,15,41.5
"76","tt0082509","Heavy Metal",NA,6,0.003457,4,8,8,0.268595,0.304499,384.411271,0.068341,126,105,48,146
"77","tt0082679","The Looney, Looney, Looney Bugs Bunny Movie",NA,6,0.007119,13,48,7,0.280576,0.335519,395.545381,0.334285,23,77.5,45,23
"78","tt0083701","Bugs Bunny's 3rd Movie: 1001 Rabbit Tales",NA,6,0.006979,13,58,7,0.280172,0.337741,190.291585,0.357481,23,79,97,12.5
"79","tt0084060","Heidi's Song",NA,6,0.006454,10,32,8,0.28098,0.332619,630.664439,0.172221,49.5,75,26,41.5
"80","tt0084070","Hey Good Lookin'",NA,6,0.00604,10,30,7,0.277383,0.3221,132.821549,0.184785,49.5,82.5,110,47
"81","tt0084237","The Last Unicorn",NA,6,0.004521,7,20,7,0.281385,0.325397,272.302906,0.111873,80.5,73,70,77.5
"82","tt0084458","The Wizard of Oz",NA,6,0.002986,3,6,7,0.240148,0.270952,209.82739,0.029716,148,163,86,164
"83","tt0084509","The Plague Dogs",NA,6,0.002507,3,10,8,0.260695,0.292546,102.700219,0.061538,148,129.5,115,127.5
"84","tt0084649","The Secret of NIMH",NA,6,0.008262,15,64,5,0.346975,0.402222,1119.887347,0.604184,7.5,20,9,6.5
"85","tt0085390","Daffy Duck's Movie: Fantastic Island",NA,6,0.007048,13,58,7,0.285088,0.34381,390.290943,0.347206,23,69,46,12.5
"86","tt0085394","Lucky Luke: The Daltons on the Run",NA,6,0.003866,6,22,8,0.266393,0.304585,41.615506,0.134327,94,114.5,139,68
"87","tt0085542","Fire and Ice",NA,6,0.00475,8,16,7,0.260347,0.300647,0,0.168266,68.5,132.5,219.5,94
"88","tt0086489","Twice Upon a Time",NA,6,0.002558,3,6,7,0.256579,0.284066,0,0.037683,148,145,219.5,164
"89","tt0086857","The Adventures of Pinocchio",NA,6,0.002376,2,4,8,0.194611,0.213437,0,0.009301,172,200,219.5,181.5
"90","tt0087544","Nausicaä of the Valley of the Wind",NA,12,0.000675,0,0,0,0,0,0,0,246.5,246.5,219.5,246.5
"91","tt0087925","I Go Pogo",NA,6,0.003205,4,8,8,0.282609,0.317747,375.639514,0.084222,126,72,51,146
"92","tt0088678","The Adventures of Mark Twain",NA,13,0.000675,0,0,0,0,0,0,0,246.5,246.5,219.5,246.5
"93","tt0088814","The Black Cauldron",NA,6,0.006982,12,26,7,0.327731,0.382015,572.460613,0.422556,32.5,26,31,54.5
"94","tt0088885","The Care Bears Movie",NA,6,0.003868,4,16,7,0.257596,0.287326,194,0.058056,126,142,92,94
"95","tt0088955","The Cosmic Eye",NA,14,0.0045,1,4,1,1,1,0,0.001146,198.5,8.5,219.5,181.5
"96","tt0089272","Here Come the Littles",NA,6,0.002735,3,14,9,0.212882,0.240265,8.006443,0.035114,148,191,153,104.5
"97","tt0089877","Rainbow Brite and the Star Stealer",NA,6,0.002613,3,16,8,0.236364,0.264548,95.140443,0.036981,148,167,120,94
"98","tt0089984","He-Man and She-Ra: The Secret of the Sword",NA,6,0.002345,2,12,8,0.205479,0.225537,3.633333,0.0096,172,196,156,113.5
"99","tt0090065","Starchaser: The Legend of Orin",NA,6,0.002654,4,10,8,0.260695,0.296648,179.086979,0.098454,126,129.5,101,127.5
"100","tt0090633","An American Tail",NA,6,0.008275,14,68,6,0.320197,0.377778,617.035445,0.439701,14,31.5,28,4
"101","tt0090799","Care Bears Movie II: A New Generation",NA,6,0.001497,1,10,8,0.205047,0.219713,0,0.006574,198.5,197,219.5,127.5
"102","tt0091123","GoBots: Battle of the Rock Lords",NA,6,0.004698,6,14,8,0.268226,0.310311,507.380774,0.081217,94,107,36,104.5
"103","tt0091149","The Great Mouse Detective",NA,6,0.00892,15,40,7,0.333904,0.39475,1180.957314,0.446646,7.5,24,7,31.5
"104","tt0091584","My Little Pony: The Movie",NA,6,0.004059,5,12,6,0.28343,0.322137,246.016719,0.081615,108,71,77,113.5
"105","tt0091862","Robotech: The Movie",NA,15,0.000675,0,0,0,0,0,0,0,246.5,246.5,219.5,246.5
"106","tt0092106","The Transformers: The Movie",NA,6,0.002349,2,6,7,0.226481,0.24884,38.600111,0.011987,172,177.5,143,164
"107","tt0092695","The Brave Little Toaster",NA,6,0.006646,8,16,8,0.262803,0.309298,439.307332,0.06267,68.5,126,40,94
"108","tt0092752","The Chipmunk Adventure",NA,16,0.000675,0,0,0,0,0,0,0,246.5,246.5,219.5,246.5
"109","tt0093743","Pinocchio and the Emperor of the Night",NA,6,0.004874,5,16,7,0.236938,0.268852,312.501539,0.037711,108,166,64,94
"110","tt0094939","Daffy Duck's Quackbusters",NA,6,0.004944,9,36,8,0.26749,0.31732,43.975868,0.290495,60,112,138,36
"111","tt0095489","The Land Before Time",NA,6,0.005923,10,56,6,0.301858,0.351709,154.281831,0.376435,49.5,44,106,15.5
"112","tt0095776","Oliver & Company",NA,6,0.005202,9,20,7,0.322848,0.371331,309.954454,0.358547,60,28,65,77.5
"113","tt0095894","Pound Puppies and the Legend of Big Paw",NA,6,0.002723,3,6,9,0.244361,0.274379,89.929574,0.025844,148,157,123,164
"114","tt0096438","Who Framed Roger Rabbit",NA,6,0.003806,5,10,6,0.266393,0.306667,70.500814,0.080895,108,114.5,127,127.5
"115","tt0096787","All Dogs Go to Heaven",NA,6,0.007617,12,54,6,0.315024,0.366667,1112.86335,0.408904,32.5,35.5,10,19
"116","tt0097757","The Little Mermaid",NA,6,0.00539,8,26,6,0.301391,0.34812,336.509172,0.151381,68.5,45,58,54.5
"117","tt0099472","DuckTales the Movie: Treasure of the Lost Lamp",NA,6,0.00331,4,8,6,0.254237,0.289145,122.132751,0.06473,126,146.5,112,146
"118","tt0099524","Evil Toons",NA,17,0.000675,0,0,0,0,0,0,0,246.5,246.5,219.5,246.5
"119","tt0099733","Happily Ever After",NA,6,0.005369,8,20,6,0.298165,0.343077,1394.73474,0.225169,68.5,51.5,5,77.5
"120","tt0099878","Jetsons: The Movie",NA,6,0.007177,13,38,8,0.28098,0.338773,353.530687,0.33616,23,75,53,34
"121","tt0100477","The Rescuers Down Under",NA,6,0.009136,14,32,7,0.32392,0.386032,1665.712263,0.245915,14,27,2,41.5
"122","tt0101329","An American Tail: Fievel Goes West",NA,6,0.007797,11,24,6,0.293675,0.347607,620.422728,0.132538,39.5,55,27,59.5
"123","tt0101414","Beauty and the Beast",NA,6,0.00497,7,20,7,0.289318,0.335617,255.983888,0.111741,80.5,60,75,77.5
"124","tt0102802","Rock-A-Doodle",NA,6,0.00834,14,60,5,0.335052,0.389915,852.542619,0.53817,14,23,17,10
"125","tt0102813","Rover Dangerfield",NA,6,0.003037,3,8,7,0.228873,0.257399,57.74135,0.01863,148,175,133,146
"126","tt0103639","Aladdin",NA,6,0.006645,10,40,7,0.291916,0.345702,236.402464,0.153987,49.5,56.5,79,31.5
"127","tt0103783","Bébé's Kids",NA,6,0.002242,2,6,8,0.213348,0.237125,0,0.012069,172,189,219.5,164
"128","tt0104009","Cool World",NA,6,0.005954,10,20,6,0.291916,0.340684,783.340363,0.209747,49.5,56.5,18,77.5
"129","tt0104254","FernGully: The Last Rainforest",NA,6,0.004151,6,12,6,0.303266,0.344701,239.108406,0.12485,94,43,78,113.5
"130","tt0104401","Heathcliff: The Movie",NA,6,0.005893,10,22,8,0.253247,0.303779,220.072121,0.267393,49.5,149,84,68
"131","tt0104740","Little Nemo: Adventures in Slumberland",NA,6,0.00384,5,10,6,0.27937,0.316838,134.054162,0.102155,108,80,108,127.5
"132","tt0105427","Sleeping Beauty",NA,18,0.000675,0,0,0,0,0,0,0,246.5,246.5,219.5,246.5
"133","tt0105616","Tom and Jerry: The Movie",NA,6,0.006025,8,16,9,0.268966,0.316431,701.707405,0.105375,68.5,103,25,94
"134","tt0105654","The Tune",NA,19,0.0045,2,14,1,1,1,0,0.003274,172,8.5,219.5,104.5
"135","tt0106364","Batman: Mask of the Phantasm",NA,20,0.000675,0,0,0,0,0,0,0,246.5,246.5,219.5,246.5
"136","tt0107688","The Nightmare Before Christmas",NA,6,0.003048,3,10,7,0.227008,0.255824,10.486111,0.01895,148,176,152,127.5
"137","tt0107745","Once Upon a Forest",NA,6,0.003671,5,12,6,0.258621,0.295983,34.448365,0.096372,108,138,144,113.5
"138","tt0107875","The Princess and the Goblin",NA,6,0.004524,2,4,9,0.164557,0.179208,194,0.003421,172,210,92,181.5
"139","tt0108395","A Troll in Central Park",NA,6,0.009053,15,66,6,0.320197,0.379915,730.910491,0.443086,7.5,31.5,23,5
"140","tt0108526","We're Back! A Dinosaur's Story",NA,6,0.008109,11,24,7,0.288462,0.343382,556.430063,0.095618,39.5,62,32,59.5
"141","tt0110357","The Lion King",NA,6,0.006352,9,22,7,0.29908,0.348425,378.427643,0.132374,60,49.5,50,68
"142","tt0110763","The Pagemaster",NA,6,0.004276,6,12,6,0.265668,0.306838,56.140022,0.122167,94,118.5,134,113.5
"143","tt0111333","The Swan Princess",NA,6,0.002849,4,8,8,0.268226,0.302534,0,0.110096,126,107,219.5,146
"144","tt0111419","Thumbelina",NA,6,0.006912,12,54,5,0.322314,0.378291,918.499347,0.412584,32.5,29,12,19
"145","tt0112389","The Thief and the Cobbler",NA,6,0.003705,4,8,8,0.271588,0.303901,208.006478,0.066263,126,95.5,87,146
"146","tt0112453","Balto",NA,6,0.005553,7,16,7,0.275813,0.31851,321.785646,0.063774,80.5,84,60,94
"147","tt0112545","The Seventh Brother",NA,6,0.002314,1,2,9,0.16428,0.17579,0,0.002203,198.5,211,219.5,202
"148","tt0113198","A Goofy Movie",NA,6,0.002723,3,6,7,0.254237,0.282711,27.609306,0.02556,148,146.5,148,164
"149","tt0113234","Gumby 1",NA,6,0.001603,1,4,9,0.19043,0.206028,0,0.005675,198.5,203.5,219.5,181.5
"150","tt0114108","The Pebble and the Penguin",NA,6,0.008139,13,44,5,0.315024,0.370427,498.824862,0.401392,23,35.5,37,26
"151","tt0114148","Pocahontas",NA,6,0.004253,6,12,8,0.28098,0.323657,185.222978,0.093464,94,75,99,113.5
"152","tt0114556","Storybook",NA,21,0.000675,0,0,0,0,0,0,0,246.5,246.5,219.5,246.5
"153","tt0114709","Toy Story",NA,6,0.004565,6,26,7,0.268966,0.313736,94.467285,0.065789,94,103,121,54.5
"154","tt0115509","All Dogs Go to Heaven II",NA,6,0.005662,8,22,6,0.280576,0.321197,261.370272,0.212828,68.5,77.5,72,68
"155","tt0115641","Beavis and Butt-Head Do America",NA,6,0.003783,5,10,6,0.287187,0.326667,174.090668,0.088532,108,65,102,127.5
"156","tt0116583","The Hunchback of Notre Dame",NA,6,0.007761,10,30,6,0.300462,0.354017,879.344441,0.129274,49.5,46.5,14,47
"157","tt0116683","James and the Giant Peach",NA,6,0.00569,7,16,7,0.26971,0.317582,403.841562,0.072159,80.5,100,44,94
"158","tt0117705","Space Jam",NA,22,0.000675,0,0,0,0,0,0,0,246.5,246.5,219.5,246.5
"159","tt0118617","Anastasia",NA,6,0.009194,15,50,5,0.321782,0.383077,1126.520062,0.421955,7.5,30,8,22
"160","tt0118829","Cats Don't Dance",NA,6,0.002057,2,4,8,0.226481,0.253523,4.887338,0.016188,172,177.5,155,181.5
"161","tt0119282","Hercules",NA,6,0.0048,7,24,7,0.288889,0.335189,110.401744,0.126445,80.5,61,114,59.5
"162","tt0119346","I Married a Strange Person!",NA,19,0.0045,2,12,1,1,1,0,0.003274,172,8.5,219.5,113.5
"163","tt0119493","The Land Before Time Sing*along*songs",NA,6,0.001315,1,2,10,0.212187,0.233173,0,0.012339,198.5,192,219.5,202
"164","tt0120363","Toy Story 2",NA,6,0.003836,5,22,6,0.26749,0.308632,183.12859,0.07166,108,112,100,68
"165","tt0120587","Antz",NA,6,0.001392,1,2,8,0.218365,0.237393,0,0.007832,198.5,186,219.5,202
"166","tt0120623","A Bug's Life",NA,6,0.003818,5,18,7,0.267857,0.309377,53.889977,0.064524,108,109.5,137,84
"167","tt0120630","Chicken Run",NA,6,0.003165,4,8,8,0.258278,0.295965,6.224603,0.056735,126,139,154,146
"168","tt0120762","Mulan",NA,6,0.004771,6,12,7,0.259309,0.302796,216.890425,0.05256,94,136,85,113.5
"169","tt0120794","The Prince of Egypt",NA,6,0.005177,7,16,7,0.283843,0.331673,297.261314,0.075223,80.5,70,68,94
"170","tt0120800","The Magic Sword: Quest for Camelot",NA,6,0.001245,1,4,8,0.222603,0.24312,0,0.017282,198.5,183,219.5,181.5
"171","tt0120855","Tarzan",NA,6,0.003963,5,14,6,0.270083,0.31188,162.38705,0.072553,108,98,104,104.5
"172","tt0120910","Fantasia 2000",NA,6,0.002608,4,8,8,0.26749,0.304585,190.555997,0.140448,126,112,96,146
"173","tt0120913","Titan A.E.",NA,6,0.006755,11,40,6,0.304688,0.356667,358.328713,0.377468,39.5,41,52,31.5
"174","tt0120917","The Emperor's New Groove",NA,6,0.004773,6,12,7,0.272346,0.313211,171.762174,0.053255,94,91,103,113.5
"175","tt0121164","Corpse Bride",NA,6,0.002752,3,8,6,0.251289,0.281538,96.296601,0.046896,148,152,119,146
"176","tt0122511","The Gnomes Great Adventure",NA,23,0.000675,0,0,0,0,0,0,0,246.5,246.5,219.5,246.5
"177","tt0124031","Number 15",NA,6,0.002937,2,4,8,0.178245,0.195311,0,0.00526,172,208.5,219.5,181.5
"178","tt0124247","The Magic Pearl",NA,24,0.000675,0,0,0,0,0,0,0,246.5,246.5,219.5,246.5
"179","tt0126029","Shrek",NA,6,0.003774,5,16,7,0.264586,0.304151,67.507424,0.061334,108,121,129,94
"180","tt0126074","Spontaneous Human Combustion",NA,25,0.000675,0,0,0,0,0,0,0,246.5,246.5,219.5,246.5
"181","tt0126189","Alice of Wonderland in Paris",NA,6,0.003529,4,8,8,0.263158,0.30058,235.127266,0.130869,126,125,80,146
"182","tt0127030","Mondo Plympton",NA,19,0.0045,2,14,1,1,1,0,0.003274,172,8.5,219.5,104.5
"183","tt0127539","Erased Off",NA,26,0.000675,0,0,0,0,0,0,0,246.5,246.5,219.5,246.5
"184","tt0127745","The Puppetoon Movie",NA,6,0.004365,4,10,8,0.23494,0.265708,194,0.046562,126,169.5,92,127.5
"185","tt0129167","The Iron Giant",NA,6,0.00161,1,2,8,0.206568,0.220958,0,0.004488,198.5,195,219.5,202
"186","tt0129297","Perpetual Motion",NA,27,0.0045,1,2,1,1,1,0,0.001146,198.5,8.5,219.5,202
"187","tt0129551","Vis-a-Vis",NA,27,0.0045,1,2,1,1,1,0,0.001146,198.5,8.5,219.5,202
"188","tt0130623","Dinosaur",NA,6,0.001874,2,4,7,0.256917,0.286129,38.924117,0.028485,172,144,142,181.5
"189","tt0131704","The Adventures of Rocky & Bullwinkle",NA,6,0.0033,3,6,7,0.26,0.288339,194,0.03206,148,134.5,92,164
"190","tt0132528","Spike and Mike's Hilarious Sick and Twisted Festival of Animation",NA,28,0.000675,0,0,0,0,0,0,0,246.5,246.5,219.5,246.5
"191","tt0133240","Treasure Planet",NA,6,0.004717,7,30,6,0.296804,0.342906,162.186977,0.143863,80.5,53,105,47
"192","tt0134067","The Rugrats Movie",NA,6,0.002055,2,10,6,0.251613,0.274615,0,0.052692,172,150.5,219.5,127.5
"193","tt0134751","Jokes My Folks Never Told Me",NA,29,0.000675,0,0,0,0,0,0,0,246.5,246.5,219.5,246.5
"194","tt0137201","Rudolph the Red-Nosed Reindeer",NA,6,0.004198,6,12,7,0.318627,0.358339,907.64827,0.113165,94,33,13,113.5
"195","tt0138613","Hot Dogs: Wau - wir sind reich!",NA,30,0.000675,0,0,0,0,0,0,0,246.5,246.5,219.5,246.5
"196","tt0138749","The Road to El Dorado",NA,6,0.006798,9,24,7,0.277383,0.330574,407.57916,0.098068,60,82.5,43,59.5
"197","tt0138877","Tiny Heroes",NA,6,0.005773,3,10,8,0.196375,0.216587,578,0.007462,148,199,30,127.5
"198","tt0142080","American Flatulators",NA,31,0.000675,0,0,0,0,0,0,0,246.5,246.5,219.5,246.5
"199","tt0142307","General Chaos: Uncensored Animation",NA,32,0.0045,1,2,1,1,1,0,0.001146,198.5,8.5,219.5,202
"200","tt0144608","Sinbad: Beyond the Veil of Mists",NA,6,0.001577,1,2,9,0.190058,0.207395,0,0.004074,198.5,205,219.5,202
"201","tt0145672","Beany and Cecil Meet Billy the Squid",NA,33,0.000675,0,0,0,0,0,0,0,246.5,246.5,219.5,246.5
"202","tt0145888","Little Roquefort",NA,34,0.000675,0,0,0,0,0,0,0,246.5,246.5,219.5,246.5
"203","tt0146063","The Princess and the Pea",NA,6,0.002853,2,8,7,0.242236,0.266886,764,0.039218,172,158,19,146
"204","tt0146361","Zipatatta",NA,35,0.000675,0,0,0,0,0,0,0,246.5,246.5,219.5,246.5
"205","tt0146457","Bad Baby",NA,6,0.001207,1,2,6,0.239852,0.261453,0,0.036718,198.5,164,219.5,202
"206","tt0146628","Dixie Days",NA,36,0.000675,0,0,0,0,0,0,0,246.5,246.5,219.5,246.5
"207","tt0149869","Big Game Fishing",NA,6,0.002679,4,10,7,0.25,0.285275,91.322287,0.081839,126,153.5,122,127.5
"208","tt0150366","Dollhouse",NA,37,0.000675,0,0,0,0,0,0,0,246.5,246.5,219.5,246.5
"209","tt0154587","Hey There, It's Yogi Bear",NA,6,0.004622,8,28,8,0.274648,0.31826,54.985844,0.219976,68.5,87.5,135,51
"210","tt0158300","Uncensored Cartoons",NA,38,0.000675,0,0,0,0,0,0,0,246.5,246.5,219.5,246.5
"211","tt0158658","Hola amigos",NA,39,0.000675,0,0,0,0,0,0,0,246.5,246.5,219.5,246.5
"212","tt0158983","South Park: Bigger, Longer & Uncut",NA,6,0.002988,2,4,7,0.231867,0.256911,194,0.016143,172,174,92,181.5
"213","tt0160429","The King and I",NA,6,0.00671,10,22,7,0.285924,0.33475,420.897637,0.165232,49.5,66.5,41,68
"214","tt0160775","Robots of Mars",NA,6,0.002509,3,6,6,0.260695,0.291282,40.220993,0.055284,148,129.5,141,164
"215","tt0165982","Sinbad: Legend of the Seven Seas",NA,6,0.005059,6,14,7,0.27897,0.32083,462.859477,0.060277,94,81,39,104.5
"216","tt0166276","Monkeybone",NA,6,0.004245,4,8,8,0.234375,0.268541,230.716951,0.022892,126,172,81,146
"217","tt0166813","Spirit: Stallion of the Cimarron",NA,6,0.002556,3,8,6,0.262097,0.295128,54.1942,0.054135,148,127,136,146
"218","tt0166948","The Adventures of the American Rabbit",NA,6,0.003115,4,8,7,0.274648,0.30663,270.711171,0.053477,126,87.5,71,146
"219","tt0168473","Babes in Toyland",NA,6,0.002414,3,8,7,0.247148,0.276801,1.275,0.071223,148,156,157,146
"220","tt0168856","A Fish Tale",NA,40,0.000675,0,0,0,0,0,0,0,246.5,246.5,219.5,246.5
"221","tt0173840","Final Fantasy: The Spirits Within",NA,6,0.003415,3,6,8,0.223368,0.252753,197.762734,0.017144,148,182,88,164
"222","tt0179657","The World of Topo Gigio",NA,41,0.000675,0,0,0,0,0,0,0,246.5,246.5,219.5,246.5
"223","tt0180390","4th of July Firecrackers",NA,42,0.000675,0,0,0,0,0,0,0,246.5,246.5,219.5,246.5
"224","tt0180585","Bugs Bunny Cartoon Revue",NA,43,0.000675,0,0,0,0,0,0,0,246.5,246.5,219.5,246.5
"225","tt0181739","Osmosis Jones",NA,44,0.000675,0,0,0,0,0,0,0,246.5,246.5,219.5,246.5
"226","tt0184881","Adieu, Galaxy Express 999: Last Stop Andromeda",NA,45,0.0045,1,2,1,1,1,0,0.001146,198.5,8.5,219.5,202
"227","tt0186449","Pinocchio in Outer Space",NA,6,0.004104,4,10,8,0.213115,0.240995,41.07955,0.019806,126,190,140,127.5
"228","tt0187819","Doug's 1st Movie",NA,46,0.000675,0,0,0,0,0,0,0,246.5,246.5,219.5,246.5
"229","tt0191280","Mighty Mouse in the Great Space Chase",NA,6,0.003959,4,16,7,0.235223,0.266484,189.552418,0.023449,126,168,98,94
"230","tt0192803","Willy McBean and His Magic Machine",NA,6,0.003429,5,10,7,0.257937,0.291685,0,0.067997,108,140.5,219.5,127.5
"231","tt0193995","Hansel and Gretel",NA,47,0.000675,0,0,0,0,0,0,0,246.5,246.5,219.5,246.5
"232","tt0196547","Family",NA,48,0.000675,0,0,0,0,0,0,0,246.5,246.5,219.5,246.5
"233","tt0197633","Live Freaky Die Freaky",NA,49,0.000675,0,0,0,0,0,0,0,246.5,246.5,219.5,246.5
"234","tt0198602","Knights of Virtue",NA,50,0.000675,0,0,0,0,0,0,0,246.5,246.5,219.5,246.5
"235","tt0198781","Monsters, Inc.",NA,6,0.0055,7,16,7,0.271588,0.315263,298.779682,0.061059,80.5,95.5,67,94
"236","tt0202452","Leif Erickson, Discoverer of North America",NA,6,0.002618,3,6,7,0.239264,0.270623,0,0.033932,148,165,219.5,164
"237","tt0202536","Puss in Boots",NA,6,0.003357,4,8,7,0.241636,0.277033,27.392857,0.039459,126,159,149,146
"238","tt0206367","The Trumpet of the Swan",NA,6,0.005615,8,16,7,0.306122,0.351587,746.600449,0.15156,68.5,40,22,94
"239","tt0206743","Fetal Fury",NA,32,0.0045,1,2,1,1,1,0,0.001146,198.5,8.5,219.5,202
"240","tt0208252","The Land Before Time More Singalong Songs",NA,51,0.000675,0,0,0,0,0,0,0,246.5,246.5,219.5,246.5
"241","tt0208453","The Snowy Day",NA,52,0.000675,0,0,0,0,0,0,0,246.5,246.5,219.5,246.5
"242","tt0209058","Jataka",NA,53,0.000675,0,0,0,0,0,0,0,246.5,246.5,219.5,246.5
"243","tt0209394","Switchback",NA,54,0.000675,0,0,0,0,0,0,0,246.5,246.5,219.5,246.5
"244","tt0209448","Unborn Baby Blues",NA,55,0.000675,0,0,0,0,0,0,0,246.5,246.5,219.5,246.5
"245","tt0210654","Donald Duck's Summer Magic",NA,56,0.000675,0,0,0,0,0,0,0,246.5,246.5,219.5,246.5
"246","tt0212112","Donald Duck Goes West",NA,57,0.0045,1,4,1,1,1,0,0.001146,198.5,8.5,219.5,181.5
"247","tt0212114","Donald Duck's Cartoon Mania",NA,58,0.000675,0,0,0,0,0,0,0,246.5,246.5,219.5,246.5
"248","tt0212115","Donald Duck's Frantic Antic",NA,59,0.000675,0,0,0,0,0,0,0,246.5,246.5,219.5,246.5
"249","tt0212116","Donald Duck's Fun Festival",NA,60,0.000675,0,0,0,0,0,0,0,246.5,246.5,219.5,246.5
"250","tt0212261","João Mata Sete",NA,61,0.000675,0,0,0,0,0,0,0,246.5,246.5,219.5,246.5
"251","tt0212599","Walt Disney's Cartoon Carousel",NA,62,0.000675,0,0,0,0,0,0,0,246.5,246.5,219.5,246.5
"252","tt0213203","Rugrats in Paris: The Movie",NA,6,0.002055,2,10,6,0.251613,0.274615,0,0.052692,172,150.5,219.5,127.5
"253","tt0213268","Superstar Goofy",NA,57,0.0045,1,4,1,1,1,0,0.001146,198.5,8.5,219.5,181.5
"254","tt0216651","Vampire Hunter D: Bloodlust",NA,6,0.001643,1,2,9,0.182755,0.198384,0,0.003268,198.5,207,219.5,202
"255","tt0217255","Animated Classic Showcase",NA,6,0.00259,3,6,9,0.220339,0.248323,0,0.031851,148,184,219.5,164
"256","tt0219777","Heyzeus",NA,63,0.000675,0,0,0,0,0,0,0,246.5,246.5,219.5,246.5
"257","tt0220099","The Tigger Movie",NA,6,0.003292,4,8,8,0.285505,0.321264,378.631373,0.078149,126,68,49,146
"258","tt0220450","Everybody Rides the Carousel",NA,14,0.0045,1,4,1,1,1,0,0.001146,198.5,8.5,219.5,181.5
"259","tt0220996","Baby Huey",NA,64,0.000675,0,0,0,0,0,0,0,246.5,246.5,219.5,246.5
"260","tt0221440","Not-So-Rotten Ralph",NA,65,0.000675,0,0,0,0,0,0,0,246.5,246.5,219.5,246.5
"261","tt0223992","Rashi: A Light After the Dark Ages",NA,6,0.002316,2,4,8,0.224913,0.250726,34.411278,0.01449,172,180,145,181.5
"262","tt0224114","Short Films by Short People: The Adventures of Sam Digital",NA,66,0.000675,0,0,0,0,0,0,0,246.5,246.5,219.5,246.5
"263","tt0225346","Cartoon Noir",NA,67,0.000675,0,0,0,0,0,0,0,246.5,246.5,219.5,246.5
"264","tt0226851","Slipdream",NA,68,0.000675,0,0,0,0,0,0,0,246.5,246.5,219.5,246.5
"265","tt0229834","Wally the Green Monster",NA,69,0.000675,0,0,0,0,0,0,0,246.5,246.5,219.5,246.5
"266","tt0230011","Atlantis: The Lost Empire",NA,6,0.003881,5,20,7,0.268966,0.30569,68.675347,0.052996,108,103,128,77.5
"267","tt0236421","Let Charlie Do It",NA,6,0.004365,4,8,8,0.23494,0.265708,194,0.046562,126,169.5,92,146
"268","tt0236451","Lotsa Luck",NA,6,0.001603,1,2,9,0.19043,0.206028,0,0.005675,198.5,203.5,219.5,202
"269","tt0238319","It's a Digital World",NA,70,0.000675,0,0,0,0,0,0,0,246.5,246.5,219.5,246.5
"270","tt0238357","Kong",NA,45,0.0045,1,2,1,1,1,0,0.001146,198.5,8.5,219.5,202
"271","tt0239634","Mickey Mouse Jubilee Show",NA,71,0.000675,0,0,0,0,0,0,0,246.5,246.5,219.5,246.5
"272","tt0240318","Academy Awards Shorts Program",NA,72,0.000675,0,0,0,0,0,0,0,246.5,246.5,219.5,246.5
"273","tt0240996","A Trip to Mars",NA,73,0.000675,0,0,0,0,0,0,0,246.5,246.5,219.5,246.5
"274","tt0241436","Fantastic Animation Festival",NA,6,0.003063,3,6,8,0.234657,0.263144,0,0.04532,148,171,219.5,164
"275","tt0243017","Waking Life",NA,74,0.000675,0,0,0,0,0,0,0,246.5,246.5,219.5,246.5
"276","tt0243585","Stuart Little 2",NA,6,0.00366,5,10,7,0.290179,0.32663,274.037669,0.069323,108,58,69,127.5
"277","tt0249516","Foodfight!",NA,6,0.001277,1,2,7,0.219348,0.236911,0,0.020151,198.5,185,219.5,202
"278","tt0249817","Mr. Wong",NA,6,0.001945,1,2,8,0.188406,0.202253,0,0.002825,198.5,206,219.5,202
"279","tt0250403","Globehunters",NA,6,0.001425,1,2,9,0.208556,0.226553,0,0.011691,198.5,194,219.5,202
"280","tt0250950","All Star Cartoon Revue",NA,75,0.000675,0,0,0,0,0,0,0,246.5,246.5,219.5,246.5
